{
  "R": [
    [
      -0.8659740151781896,
      0.49917713805810154,
      -0.03018592182271901
    ],
    [
      -0.4962683983730733,
      -0.8503441357465737,
      0.17502150604322042
    ],
    [
      0.06169831288121976,
      0.16654439540715696,
      0.9841017643242366
    ]
  ],
  "t": [
    29.99268738450183,
    -101.84890419887388,
    38.41508589939281
  ],
  "rmsd": 24.496,
  "residuals": [
    10.649,
    14.873,
    17.3,
    32.619,
    31.918,
    3.167,
    18.563,
    22.967,
    35.506,
    22.398,
    21.744,
    25.279,
    23.836,
    14.42,
    18.407,
    14.88,
    23.652,
    41.72,
    34.658,
    26.286
  ],
  "num_points": 20,
  "timestamp": "2026-04-12T17:36:51.019972+00:00"
}