{
  "R": [
    [
      -0.8918710833653314,
      0.4519021154450466,
      0.018720275453132512
    ],
    [
      -0.1865456236172593,
      -0.4052400507904097,
      0.8949755480149353
    ],
    [
      0.4120275487949771,
      0.7947106261348703,
      0.44572224506111985
    ]
  ],
  "t": [
    2.9860594514032925,
    -326.9415845044845,
    234.0380317411068
  ],
  "rmsd": 29.983,
  "residuals": [
    90.702,
    47.227,
    41.65,
    36.991,
    31.818,
    27.607,
    24.673,
    20.559,
    17.826,
    16.03,
    13.19,
    10.719,
    8.687,
    5.764,
    6.974,
    11.457,
    63.947,
    23.862,
    21.377,
    22.21,
    22.366,
    23.294,
    23.779,
    23.726,
    21.121,
    18.88,
    14.998,
    12.984,
    15.442,
    22.458,
    32.543,
    25.639,
    21.764,
    23.205,
    29.515,
    39.078
  ],
  "num_points": 36,
  "timestamp": "2026-04-14T09:41:37.813037+00:00"
}