{
  "R": [
    [
      -0.8488240797448652,
      0.5252560333532681,
      -0.060031500658194584
    ],
    [
      -0.49234336726610395,
      -0.7440099748290183,
      0.4517158023182257
    ],
    [
      0.19260241523500882,
      0.41298336138507424,
      0.8901399063432257
    ]
  ],
  "t": [
    323.58158124290094,
    275.34403894460087,
    -159.84484827065893
  ],
  "rmsd": 27.696,
  "residuals": [
    50.08,
    23.518,
    33.23,
    42.941,
    53.592,
    65.176,
    74.194,
    80.997,
    55.026,
    45.4,
    31.374,
    22.676,
    17.203,
    14.023,
    18.214,
    21.998,
    26.653,
    30.533,
    32.371,
    32.748,
    21.736,
    17.25,
    12.95,
    10.129,
    6.988,
    8.466,
    12.81,
    17.489,
    21.851,
    26.798,
    35.252,
    40.297,
    44.262,
    48.886,
    35.612,
    33.936,
    35.537,
    33.264,
    31.449,
    29.975,
    26.85,
    15.424,
    12.931,
    11.63,
    13.609,
    18.442,
    23.009,
    27.231,
    31.947,
    35.69,
    38.316,
    37.712,
    39.2,
    38.055,
    37.295,
    32.146,
    26.988
  ],
  "num_points": 57,
  "num_inliers": 47,
  "timestamp": "2026-04-14T13:57:27.974173+00:00"
}