{
  "R": [
    [
      -0.8699174049177911,
      0.43257106314577004,
      -0.23690923145802936
    ],
    [
      -0.4768123418118771,
      -0.860421863600721,
      0.1797893415465331
    ],
    [
      -0.12607021582027025,
      0.2693631228783938,
      0.954751176336657
    ]
  ],
  "t": [
    123.87732080032733,
    -107.35480745758261,
    48.36745899925279
  ],
  "rmsd": 10.611,
  "residuals": [
    6.34,
    4.925,
    4.567,
    4.503,
    4.454,
    4.951,
    6.685,
    7.544,
    9.398,
    10.619,
    12.332,
    12.293,
    12.731,
    12.902,
    13.21,
    9.311,
    11.142,
    12.232,
    12.471,
    12.668,
    13.938,
    14.695,
    12.913,
    11.943,
    10.328,
    7.977,
    6.395,
    4.801,
    4.585,
    5.68,
    7.767,
    27.944,
    28.389,
    28.163,
    28.821,
    26.803,
    24.876,
    22.344,
    12.415,
    11.935,
    12.214,
    13.263,
    13.1,
    15.236,
    15.815,
    17.652,
    39.107,
    36.891,
    34.331,
    31.237
  ],
  "num_points": 50,
  "num_inliers": 38,
  "timestamp": "2026-04-18T06:50:24.037089+00:00"
}